カスタムリーダー,名前,ユーザ名,バトルタグ,参加形態,duoの場合の相方,,第一希望ロール,第二希望ロール,第三希望ロール,タンクのレート,ダメージのレート,サポートのレート,CS,インフルエンサー,配信NG,Aブロック,Bブロック,Cブロック,Dブロック
FALSE,ユーザー１,ユーザー１,ユーザー１#11287,ソロ,,FALSE,ダメージ,,,,3400,,,FALSE,FALSE,FALSE,FALSE,FALSE,FALSE
FALSE,ユーザー２,ユーザー２,ユーザー２#1334,ソロ,,FALSE,タンク,,,3600,,,,FALSE,FALSE,FALSE,FALSE,FALSE,FALSE
FALSE,ユーザー３,ユーザー３,ユーザー３#3961,ソロ,,FALSE,サポート,,,,,3000,,FALSE,FALSE,FALSE,FALSE,FALSE,FALSE
FALSE,ユーザー４,ユーザー４,ユーザー４#11370,ソロ,,FALSE,ダメージ,,,,3800,,,FALSE,FALSE,FALSE,FALSE,FALSE,FALSE
TRUE,ユーザー５,ユーザー５,ユーザー５#12242,ソロ,,FALSE,タンク,,,2200,,,,FALSE,FALSE,FALSE,FALSE,FALSE,FALSE
FALSE,ユーザー６,ユーザー６,ユーザー６#1405,デュオ,,FALSE,ダメージ,,,,1400,,,FALSE,FALSE,FALSE,FALSE,FALSE,FALSE
FALSE,,,ユーザー７#11842,ソロ,,FALSE,サポート,,,,,1500,,FALSE,FALSE,FALSE,FALSE,FALSE,FALSE